id,name,email,age,gender,location
1,John Smith,john.smith@example.com,28,Male,New York
2,Jane Johnson,jane.johnson@example.com,35,Female,Los Angeles
3,Mike Williams,mike.williams@example.com,42,Male,Chicago
4,Sarah Brown,sarah.brown@example.com,29,Female,Houston
5,David Jones,david.jones@example.com,38,Male,Phoenix
6,Emily Garcia,emily.garcia@example.com,26,Female,Philadelphia
7,Chris Miller,chris.miller@example.com,45,Male,San Antonio
8,Lisa Davis,lisa.davis@example.com,31,Female,San Diego
9,Tom Wilson,tom.wilson@example.com,33,Male,Dallas
10,Anna Moore,anna.moore@example.com,27,Female,San Jose
11,Robert Taylor,robert.taylor@example.com,39,Male,New York
12,Jennifer Anderson,jennifer.anderson@example.com,24,Female,Los Angeles
13,Michael Thomas,michael.thomas@example.com,41,Male,Chicago
14,Jessica Jackson,jessica.jackson@example.com,30,Female,Houston
15,William White,william.white@example.com,36,Male,Phoenix
16,Amanda Harris,amanda.harris@example.com,25,Female,Philadelphia
17,James Martin,james.martin@example.com,44,Male,San Antonio
18,Michelle Thompson,michelle.thompson@example.com,32,Female,San Diego
19,Daniel Garcia,daniel.garcia@example.com,37,Male,Dallas
20,Olivia Martinez,olivia.martinez@example.com,28,Female,San Jose
